Date,Expiry,Strike,Spot,C_market,T_days,T_years,Moneyness,r,RV_22,IV_call,IV_put,IV_classical,C_reprice,Reprice_Error
2025-01-01,2025-01-09,23750.0,23742.9,259.35,8,0.0317460317460317,0.999701052631579,0.065,0.1063931101652735,0.14105299996927556,0.12996650480158856,0.13550975238543206,259.35000000014224,1.4222223398974165e-10
2025-01-02,2025-01-09,24200.0,24188.65,181.4,7,0.0277777777777777,0.9995309917355372,0.065,0.1219486190962509,0.10250231291545223,0.1276111879998327,0.11505675045764246,181.40000000031068,3.106777057837462e-10
2025-01-03,2025-01-16,24000.0,24004.75,254.5,13,0.0515873015873015,1.0001979166666666,0.065,0.1220896663938195,0.09635524902640094,0.1200448878434237,0.10820006843491231,254.5,0.0
2025-01-06,2025-01-16,23600.0,23616.05,310.1,10,0.0396825396825396,1.0006800847457626,0.065,0.1340022585038787,0.14406903690045209,0.1552884648971853,0.1496787508988187,310.10000000000036,3.410605131648481e-13
2025-01-07,2025-01-16,23700.0,23707.9,244.15,9,0.0357142857142857,1.0003333333333333,0.065,0.1304959204771842,0.11833959255237989,0.13370422729368148,0.1260219099230307,244.14999999999964,3.694822225952521e-13
2025-01-08,2025-01-16,23700.0,23688.95,208.55,8,0.0317460317460317,0.9995337552742616,0.065,0.1304565851821121,0.11236270480015748,0.11963851948920672,0.1160006121446821,208.55000000042673,4.2672354538808577e-10
2025-01-09,2025-01-16,23550.0,23526.5,204.0,7,0.0277777777777777,0.9990021231422506,0.065,0.1322728939756888,0.12430156067463251,0.10835148519362837,0.11632652293413044,203.99999999999818,1.8189894035458565e-12
2025-01-10,2025-01-23,23450.0,23431.5,259.55,13,0.0515873015873015,0.9992110874200426,0.065,0.132974180766155,0.1076674643896605,0.12522472742681043,0.11644609590823546,259.5500000072316,7.231562904053135e-09
2025-01-13,2025-01-23,23100.0,23085.95,258.4,10,0.0396825396825396,0.9993917748917748,0.065,0.1420967708453133,0.12820318254819793,0.13348729093604284,0.1308452367421204,258.4000000003616,3.616378307924606e-10
2025-01-14,2025-01-23,23200.0,23176.05,221.55,9,0.0357142857142857,0.998967672413793,0.065,0.1421307967682853,0.11813652548271267,0.11334302867689854,0.1157397770798056,221.55000000001746,1.745092959026806e-11
2025-01-15,2025-01-23,23200.0,23213.2,193.5,8,0.0317460317460317,1.0005689655172414,0.065,0.1390037895995427,0.09779688433922977,0.11909893321961233,0.10844790877942105,193.5,0.0
2025-01-16,2025-01-23,23300.0,23311.8,205.95,7,0.0277777777777777,1.0005064377682402,0.065,0.1390689863145638,0.11480352099987064,0.12487089596512309,0.11983720848249686,205.9499999999989,1.0800249583553523e-12
2025-01-17,2025-01-30,23200.0,23203.2,286.05,13,0.0515873015873015,1.000137931034483,0.065,0.1322258537184322,0.11601445838723788,0.12092233869772924,0.11846839854248356,286.04999999999745,2.5579538487363607e-12
2025-01-20,2025-01-30,23350.0,23344.75,263.05,10,0.0396825396825396,0.9997751605995716,0.065,0.1324443720543278,0.12659334947369089,0.12697308677618288,0.12678321812493687,263.05000000238033,2.3803181647963356e-09
2025-01-21,2025-01-30,23000.0,23024.65,288.6,9,0.0357142857142857,1.001071739130435,0.065,0.1360804123904778,0.14291513151925125,0.1291651466102986,0.1360401390647749,288.59999999999854,1.4779288903810084e-12
2025-01-22,2025-01-30,23150.0,23155.35,222.35,8,0.0317460317460317,1.000231101511879,0.065,0.1272621372827512,0.11840956642548686,0.11955412713812011,0.11898184678180349,222.35000000896616,8.966168252300122e-09
2025-01-23,2025-01-30,23200.0,23205.35,222.85,7,0.0277777777777777,1.0002306034482755,0.065,0.1252434958033391,0.12869138206790112,0.11666189316315738,0.12267663761552924,222.85000000242871,2.4287203359563136e-09
2025-01-24,2025-02-06,23100.0,23092.2,363.85,13,0.0515873015873015,0.9996623376623376,0.065,0.1262777959956164,0.15696028839211681,0.15927998601271176,0.1581201372024143,363.8500000011354,1.1353904483257793e-09
2025-01-27,2025-02-06,22850.0,22829.15,348.3,10,0.0396825396825396,0.9990875273522976,0.065,0.1320575753820244,0.18147140522955013,0.18291436929522195,0.18219288726238603,348.2999999999993,7.389644451905042e-13
2025-01-28,2025-02-06,22950.0,22957.25,363.05,9,0.0357142857142857,1.0003159041394336,0.065,0.1331050271607499,0.19204673161605723,0.18639854889023583,0.18922264025314653,363.050000000243,2.4300561562995426e-10
2025-01-29,2025-02-06,23150.0,23163.1,370.8,8,0.0317460317460317,1.0005658747300217,0.065,0.1343582001149205,0.20649669784449726,0.21123510726149625,0.20886590255299675,370.8000000002103,2.1026380636612885e-10
2025-01-30,2025-02-06,23250.0,23249.5,352.55,7,0.0277777777777777,0.999978494623656,0.065,0.1349477925525016,0.2145917083753742,0.1852420251731998,0.199916866774287,352.55000000000473,4.718003765447065e-12
2025-01-31,2025-02-13,23500.0,23508.4,356.1,13,0.0515873015873015,1.0003574468085108,0.065,0.1393531899415713,0.14610290675671855,0.1493295613794289,0.14771623406807372,356.10000000000036,3.410605131648481e-13
2025-02-01,2025-02-13,23500.0,23482.15,242.55,12,0.0476190476190476,0.9992404255319148,0.065,0.1243816914470843,0.1048307643543632,0.12270177567411822,0.11376627001424071,242.55000000527798,5.277968284644885e-09
2025-02-03,2025-02-13,23350.0,23361.05,246.45,10,0.0396825396825396,1.0004732334047108,0.065,0.1229221735232259,0.11270761020645279,0.12312709806603586,0.11791735413624432,246.4499999999989,1.0800249583553523e-12
2025-02-05,2025-02-13,23700.0,23696.3,207.0,8,0.0317460317460317,0.99984388185654,0.065,0.1219686366848084,0.10907248824262496,0.12131098810550167,0.11519173817406331,207.0000000031432,3.14321368932724e-09
2025-02-06,2025-02-13,23600.0,23603.35,213.75,7,0.0277777777777777,1.0001419491525425,0.065,0.1226619992364331,0.12112551034994108,0.12001855982690461,0.12057203508842285,213.75000000274122,2.7412170311436057e-09
2025-02-07,2025-02-20,23550.0,23559.95,245.75,13,0.0515873015873015,1.0004225053078557,0.065,0.1205917865402224,0.09302027101553792,0.11772909235400363,0.10537468168477077,245.75000000000182,1.8189894035458565e-12
2025-02-10,2025-02-20,23400.0,23381.6,240.25,10,0.0396825396825396,0.9992136752136752,0.065,0.1225408574530447,0.11779017774591613,0.1208042723264585,0.11929722503618731,240.25000000031469,3.1468516681343317e-10
2025-02-11,2025-02-20,23050.0,23071.8,254.75,9,0.0357142857142857,1.000945770065076,0.065,0.1205227193230908,0.12382687246713098,0.12429024362818912,0.12405855804766006,254.75000000000182,1.8189894035458565e-12
2025-02-12,2025-02-20,23050.0,23045.25,218.05,8,0.0317460317460317,0.9997939262472884,0.065,0.1198628832440703,0.11971984609188603,0.12098611556588988,0.12035298082888796,218.05000000103246,1.032447016768856e-09
2025-02-13,2025-02-20,23050.0,23031.4,191.7,7,0.0277777777777777,0.9991930585683296,0.065,0.1197575388100439,0.11758714817877838,0.1188501017210819,0.11821862494993014,191.70000000000618,6.195932655828074e-12
2025-02-14,2025-02-27,22950.0,22929.25,262.85,13,0.0515873015873015,0.9990958605664488,0.065,0.1198432561585362,0.11264421623066513,0.1161666839801668,0.11440545010541597,262.85000000301625,3.016225491592195e-09
2025-02-17,2025-02-27,22950.0,22959.5,272.85,10,0.0396825396825396,1.0004139433551198,0.065,0.1188804220979469,0.13006649940175352,0.12532407647431545,0.12769528793803447,272.8499999999967,3.296918293926865e-12
2025-02-18,2025-02-27,22950.0,22945.3,224.25,9,0.0357142857142857,0.9997952069716776,0.065,0.1171035148419379,0.11518885638558726,0.13187539828318248,0.12353212733438487,224.25000000307227,3.0722731025889516e-09
2025-02-19,2025-02-27,22950.0,22932.9,197.65,8,0.0317460317460317,0.9992549019607844,0.065,0.1073920454767398,0.11181559381540511,0.12172435280855315,0.11676997331197914,197.65000000006512,6.511413630505558e-11
2025-02-20,2025-02-27,22900.0,22913.15,184.45,7,0.0277777777777777,1.0005742358078604,0.065,0.10570971581462,0.10232590996692492,0.11108551800485153,0.10670571398588823,184.45000000000255,2.5579538487363607e-12
2025-02-21,2025-03-06,22800.0,22795.9,264.9,13,0.0515873015873015,0.9998201754385966,0.065,0.1068771808911938,0.1100560264218332,0.11099669780592858,0.1105263621138809,264.90000000000146,1.4779288903810084e-12
2025-02-24,2025-03-06,22550.0,22553.35,259.6,10,0.0396825396825396,1.0001485587583148,0.065,0.111623386862467,0.12713979132469377,0.09918622984073627,0.11316301058271502,259.6000000093227,9.32266175368568e-09
2025-02-25,2025-03-06,22550.0,22547.55,209.1,9,0.0357142857142857,0.9998913525498891,0.065,0.1046760795935158,0.10783322957867131,0.08955733875995445,0.09869528416931288,209.10000000833315,8.333159939866164e-09
2025-02-27,2025-03-06,22550.0,22545.05,169.5,7,0.0277777777777777,0.999780487804878,0.065,0.1029494010208943,0.10078848303944438,0.09225354977863488,0.09652101640903962,169.5000000018008,1.800799509510398e-09
2025-02-28,2025-03-13,22100.0,22124.7,286.05,13,0.0515873015873015,1.0011176470588237,0.065,0.1172320155876861,0.11668625585929014,0.10585891923724348,0.11127258754826681,286.0499999999993,7.389644451905042e-13
2025-03-03,2025-03-13,22100.0,22119.3,247.9,10,0.0396825396825396,1.0008733031674208,0.065,0.1165557661628126,0.11828334984933027,0.10832550307800619,0.11330442646366823,247.90000000000146,1.4495071809506044e-12
2025-03-04,2025-03-13,22100.0,22082.65,194.45,9,0.0357142857142857,0.9992149321266968,0.065,0.1105078582956101,0.10638960038188783,0.11422210375967465,0.11030585207078124,194.45000000026084,2.60854449152248e-10
2025-03-05,2025-03-13,22350.0,22337.3,185.8,8,0.0317460317460317,0.9994317673378076,0.065,0.117062088116451,0.10626114657587046,0.11196441046890068,0.10911277852238557,185.80000000034488,3.4486902222852223e-10
2025-03-06,2025-03-13,22550.0,22544.7,156.3,7,0.0277777777777777,0.9997649667405766,0.065,0.1198987084412195,0.09206014512305986,0.11979833712043456,0.1059292411217472,156.30000000362634,3.6263259062252473e-09
2025-03-07,2025-03-20,22550.0,22552.5,238.7,13,0.0515873015873015,1.000110864745011,0.065,0.1068774983747474,0.09669824632485474,0.10566686260312477,0.10118255446398976,238.70000000000255,2.5579538487363607e-12
2025-03-10,2025-03-20,22450.0,22460.3,213.5,10,0.0396825396825396,1.0004587973273942,0.065,0.1075986453716803,0.09951423395681519,0.11718666222355482,0.10835044809018501,213.50000000000364,3.637978807091713e-12
2025-03-11,2025-03-20,22500.0,22497.9,202.4,9,0.0357142857142857,0.9999066666666668,0.065,0.1069232092097429,0.10401733953001953,0.11560668335091577,0.10981201144046765,202.39999999999782,2.1884716261411086e-12
2025-03-12,2025-03-20,22450.0,22470.5,186.1,8,0.0317460317460317,1.000913140311804,0.065,0.1068212771184541,0.09427750438136565,0.10637574373411829,0.10032662405774197,186.10000000000036,3.694822225952521e-13
2025-03-13,2025-03-20,22400.0,22397.2,140.35,7,0.0277777777777777,0.999875,0.065,0.1042672686414589,0.08106131075147299,0.0975713127680378,0.08931631175975539,140.34999999999854,1.4495071809506044e-12
2025-03-17,2025-03-27,22500.0,22508.75,234.5,10,0.0396825396825396,1.000388888888889,0.065,0.095480534442482,0.11162302556114252,0.10247042015088112,0.10704672285601183,234.5,0.0
2025-03-18,2025-03-27,22850.0,22834.3,199.2,9,0.0357142857142857,0.999312910284464,0.065,0.1070667321648989,0.10461179420711009,0.09897138521353382,0.10179158971032196,199.2000000005737,5.737206265621353e-10
2025-03-19,2025-03-27,22900.0,22907.6,207.5,8,0.0317460317460317,1.0003318777292576,0.065,0.1075955340274747,0.10991771389004809,0.09804648495770762,0.10398209942387786,207.5,0.0
2025-03-20,2025-03-27,23200.0,23190.65,134.8,7,0.0277777777777777,0.9995969827586207,0.065,0.1143587723023397,0.0764745113231686,0.09913352638582118,0.08780401885449489,134.8000000062966,6.296602350630565e-09
2025-03-21,2025-04-03,23350.0,23350.4,235.05,13,0.0515873015873015,1.000017130620985,0.065,0.1166097793131444,0.09148291735488087,0.09151434039480857,0.09149862887484472,235.04999999999927,7.389644451905042e-13
2025-03-24,2025-04-03,23650.0,23658.35,251.5,10,0.0396825396825396,1.000353065539112,0.065,0.1247387780063614,0.11457045948744621,0.10469273522980754,0.10963159735862688,251.49999999999818,1.8189894035458565e-12
2025-03-25,2025-04-03,23650.0,23668.65,249.45,9,0.0357142857142857,1.0007885835095138,0.065,0.124734060831421,0.11824444975551253,0.10018325569210519,0.10921385272380886,249.4499999999971,2.8990143619012088e-12
2025-03-26,2025-04-03,23500.0,23486.85,218.3,8,0.0317460317460317,0.9994404255319148,0.065,0.1274014020028908,0.11998592156057383,0.09421284126826206,0.10709938141441794,218.30000000012842,1.284092832065653e-10
2025-03-27,2025-04-03,23600.0,23591.95,199.65,7,0.0277777777777777,0.9996588983050848,0.065,0.1271140435457426,0.11602644597647489,0.09068384044899093,0.10335514321273291,199.6500000002452,2.4519408725609537e-10
2025-04-01,2025-04-09,23150.0,23165.7,236.15,8,0.0317460317460317,1.0006781857451403,0.065,0.1326071182837148,0.1233697284900448,0.10675243112801829,0.11506107980903155,236.15000000000146,1.4495071809506044e-12
2025-04-02,2025-04-09,23350.0,23332.35,174.45,7,0.0277777777777777,0.9992441113490363,0.065,0.134807488329798,0.10442785014151496,0.11949320188620366,0.11196052601385931,174.45000000002437,2.4385826691286638e-11
2025-04-03,2025-04-17,23250.0,23250.1,240.25,14,0.0555555555555555,1.0000043010752688,0.065,0.1194084328328412,0.08955724143880606,0.11500825237223537,0.10228274690552072,240.25,0.0
2025-04-04,2025-04-17,22900.0,22904.45,213.7,13,0.0515873015873015,1.0001943231441048,0.065,0.1297208187305542,0.08209554307222955,0.11347455811027757,0.09778505059125356,213.70000000000255,2.5579538487363607e-12
2025-04-09,2025-04-17,22400.0,22399.15,321.65,8,0.0317460317460317,0.9999620535714286,0.065,0.1743546145687465,0.18764234908664662,0.1920358588419318,0.1898391039642892,321.650000000036,3.603872755775228e-11
2025-04-11,2025-04-24,22850.0,22828.55,379.9,13,0.0515873015873015,0.9990612691466084,0.065,0.1858183078434025,0.1702378503908559,0.16373362637674238,0.16698573838379915,379.9000000000524,5.240963218966499e-11
2025-04-15,2025-04-24,23350.0,23328.55,211.35,9,0.0357142857142857,0.9990813704496788,0.065,0.19928158038759,0.11070374368122557,0.1344993279451398,0.12260153581318269,211.3500000000804,8.040501597861294e-11
2025-04-16,2025-04-24,23450.0,23437.2,193.55,8,0.0317460317460317,0.999454157782516,0.065,0.1998209323328083,0.10525123056012284,0.1389401158373874,0.12209567319875513,193.55000000045402,4.540083864412736e-10
2025-04-17,2025-04-24,23850.0,23851.65,190.15,7,0.0277777777777777,1.0000691823899373,0.065,0.2084009633973928,0.10531581623406784,0.1352233367130476,0.12026957647355771,190.1500000065571,6.557087317560217e-09
2025-04-21,2025-04-30,24150.0,24125.55,229.75,9,0.0357142857142857,0.9989875776397515,0.065,0.2116648915637101,0.117516103654703,0.12704812268222057,0.12228211316846178,229.75000000002183,2.1827872842550278e-11
2025-04-22,2025-04-30,24150.0,24167.25,227.85,8,0.0317460317460317,1.0007142857142857,0.065,0.2110768907547715,0.11220502324918959,0.12307463401984509,0.11763982863451733,227.85000000000218,2.1884716261411086e-12
2025-04-23,2025-04-30,24350.0,24328.95,198.0,7,0.0277777777777777,0.9991355236139632,0.065,0.2066419458163225,0.11524761789282142,0.12770892058370475,0.12147826923826309,198.00000000000728,7.275957614183426e-12
2025-04-24,2025-05-08,24250.0,24246.7,316.8,14,0.0555555555555555,0.9998639175257732,0.065,0.2066751158247554,0.11981167507476863,0.13602918179083112,0.12792042843279988,316.8000000000029,2.8990143619012088e-12
2025-04-25,2025-05-08,24050.0,24039.35,294.8,13,0.0515873015873015,0.9995571725571724,0.065,0.2045288317300204,0.11879033059863997,0.14215090233905275,0.13047061646884636,294.7999999999993,7.389644451905042e-13
2025-04-28,2025-05-08,24350.0,24328.5,257.8,10,0.0396825396825396,0.99911704312115,0.065,0.2071948945678265,0.12248889757338574,0.13230913886431794,0.12739901821885186,257.8000000001284,1.284092832065653e-10
2025-04-29,2025-05-08,24350.0,24335.95,226.7,9,0.0357142857142857,0.999422997946612,0.065,0.2023968675962124,0.11171939888565666,0.13765603567461213,0.12468771728013439,226.70000000064465,6.446612133004237e-10
2025-04-30,2025-05-08,24350.0,24334.2,235.4,8,0.0317460317460317,0.9993511293634496,0.065,0.2023916518705589,0.12599227256344475,0.14505721038331748,0.13552474147338112,235.40000000004693,4.6924242269597016e-11
2025-05-02,2025-05-15,24350.0,24346.7,290.35,13,0.0515873015873015,0.999864476386037,0.065,0.2007096595921759,0.11318777163888649,0.14809316198287878,0.13064046681088265,290.35000000000036,3.410605131648481e-13
2025-05-05,2025-05-15,24450.0,24461.15,263.5,10,0.0396825396825396,1.0004560327198364,0.065,0.2007684359087337,0.1156575637942205,0.132521818498046,0.12408969114613325,263.50000000000364,3.637978807091713e-12
2025-05-06,2025-05-15,24400.0,24379.6,206.75,9,0.0357142857142857,0.9991639344262294,0.065,0.2008155840905204,0.10241861314187829,0.134766884819559,0.11859274898071864,206.75000000028922,2.892193151637912e-10
2025-05-07,2025-05-15,24400.0,24414.4,224.3,8,0.0317460317460317,1.0005901639344263,0.065,0.1942185969893754,0.10974861295277882,0.1514847225162716,0.1306166677345252,224.29999999999745,2.5579538487363607e-12
2025-05-08,2025-05-15,24250.0,24273.8,248.55,7,0.0277777777777777,1.000981443298969,0.065,0.1936863377038528,0.13220600373019242,0.19680302069416547,0.16450451221217893,248.5500000000011,1.0800249583553523e-12
2025-05-09,2025-05-22,24000.0,24008.0,355.35,13,0.0515873015873015,1.0003333333333333,0.065,0.1968761038055009,0.14239113186645297,0.17248775012030135,0.15743944099337714,355.34999999999854,1.4779288903810084e-12
2025-05-12,2025-05-22,24900.0,24924.7,332.0,10,0.0396825396825396,1.000991967871486,0.065,0.2286360217991425,0.14433581721079852,0.14224239108378972,0.14328910414729412,332.0000000000018,1.8189894035458565e-12
2025-05-13,2025-05-22,24600.0,24578.35,261.15,9,0.0357142857142857,0.9991199186991868,0.065,0.2050998198896085,0.13125810573648566,0.1496975795530207,0.1404778426447532,261.15000000002146,2.148681232938543e-11
2025-05-14,2025-05-22,24650.0,24666.9,232.95,8,0.0317460317460317,1.000685598377282,0.065,0.1974886892932338,0.1126534877247228,0.13890430882016747,0.12577889827244515,232.9499999999989,1.0800249583553523e-12
2025-05-15,2025-05-22,25050.0,25062.1,193.9,7,0.0277777777777777,1.0004830339321358,0.065,0.2036456437420421,0.09832748817016898,0.1368614450805084,0.11759446662533869,193.89999999999964,3.694822225952521e-13
2025-05-16,2025-05-29,25000.0,25019.8,313.35,13,0.0515873015873015,1.000792,0.065,0.1933234316420775,0.11418080535418891,0.12526717420787134,0.11972398978103013,313.34999999999854,1.4779288903810084e-12
2025-05-19,2025-05-29,24950.0,24945.45,277.05,10,0.0396825396825396,0.9998176352705412,0.065,0.1791604628829557,0.12425941065643281,0.1409058382003419,0.13258262442838736,277.05000000358086,3.580851171136601e-09
2025-05-20,2025-05-29,24700.0,24683.9,281.05,9,0.0357142857142857,0.999348178137652,0.065,0.1819992200580997,0.13980137243855242,0.12205134426799934,0.13092635835327587,281.05000000005384,5.383071766118519e-11
2025-05-21,2025-05-29,24800.0,24813.45,249.8,8,0.0317460317460317,1.0005423387096777,0.065,0.1729682436614654,0.1226154532568343,0.1414793898274439,0.1320474215421391,249.79999999999927,7.389644451905042e-13
2025-05-22,2025-05-29,24600.0,24609.7,229.15,7,0.0277777777777777,1.0003943089430896,0.065,0.1708899408495905,0.12294714795328082,0.1249017599996585,0.12392445397646966,229.15000000818327,8.183263844330213e-09
2025-05-23,2025-06-05,24850.0,24853.15,314.7,13,0.0515873015873015,1.0001267605633803,0.065,0.1740091339299119,0.1198103070898067,0.13797268976941188,0.12889149842960929,314.6999999999971,2.8990143619012088e-12
2025-05-26,2025-06-05,25000.0,25001.15,326.65,10,0.0396825396825396,1.000046,0.065,0.1737054747049544,0.1475193575544562,0.1552101321935345,0.15136474487399534,326.6500000018641,1.864123078121338e-09
2025-05-27,2025-06-05,24850.0,24826.2,313.35,9,0.0357142857142857,0.9990422535211269,0.065,0.1749488131764683,0.1583276582074538,0.16350366115319015,0.16091565968032195,313.3500000000022,2.1600499167107046e-12
2025-05-28,2025-06-05,24750.0,24752.45,278.0,8,0.0317460317460317,1.0000989898989898,0.065,0.1728107930426278,0.1424520408736079,0.1567640503385563,0.1496080456060821,278.00000000102955,1.0295480024069548e-09
2025-05-29,2025-06-05,24850.0,24833.6,207.4,7,0.0277777777777777,0.9993400402414486,0.065,0.1683709675393994,0.11686463825350629,0.12895969558634995,0.12291216691992812,207.40000000002328,2.3277380023500882e-11
2025-06-02,2025-06-12,24700.0,24716.6,348.0,10,0.0396825396825396,1.000672064777328,0.065,0.1688120159486404,0.15615317938081244,0.16554870468019625,0.16085094203050435,348.00000000900764,9.007635526359081e-09
2025-06-03,2025-06-12,24550.0,24542.5,296.45,9,0.0357142857142857,0.99969450101833,0.065,0.1704899674710115,0.14662362662561138,0.1414289361483104,0.14402628138696089,296.4500000002299,2.2993162929196842e-10
2025-06-04,2025-06-12,24600.0,24620.2,245.55,8,0.0317460317460317,1.000821138211382,0.065,0.1700862515169392,0.11912936325497289,0.1261200827743718,0.12262472301467235,245.5500000000011,1.0800249583553523e-12
2025-06-05,2025-06-12,24750.0,24750.9,207.65,7,0.0277777777777777,1.0000363636363636,0.065,0.1706537474993618,0.11189910050406628,0.11470858971443273,0.11330384510924951,207.65000000336477,3.3647609143372392e-09
2025-06-06,2025-06-19,25000.0,25003.05,291.8,13,0.0515873015873015,1.000122,0.065,0.1740006122016489,0.1087745732837228,0.11923320132211516,0.11400388730291898,291.7999999999993,7.389644451905042e-13
2025-06-09,2025-06-19,25100.0,25103.2,256.85,10,0.0396825396825396,1.0001274900398407,0.065,0.1734276970242475,0.11106407179671357,0.12223768107080496,0.11665087643375927,256.85000000000036,3.410605131648481e-13
2025-06-10,2025-06-19,25100.0,25104.25,204.6,9,0.0357142857142857,1.0001693227091633,0.065,0.1693769111668695,0.09076258776678496,0.11205216854759575,0.10140737815719036,204.60000000000036,3.694822225952521e-13
2025-06-11,2025-06-19,25150.0,25141.4,193.2,8,0.0317460317460317,0.9996580516898608,0.065,0.1123812992152746,0.09560641284306876,0.10463391020789808,0.10012016152548342,193.2000000039352,3.935213044314878e-09
2025-06-12,2025-06-19,24900.0,24888.2,178.65,7,0.0277777777777777,0.9995261044176708,0.065,0.1075184816381653,0.09769035201643532,0.11607577593775889,0.1068830639770971,178.65000000047257,4.725677626993274e-10
2025-06-13,2025-06-26,24700.0,24718.6,281.0,13,0.0515873015873015,1.000753036437247,0.065,0.1093052454675959,0.10145553719137772,0.1374837538695933,0.1194696455304855,281.0,0.0
2025-06-16,2025-06-26,24950.0,24946.5,263.85,10,0.0396825396825396,0.9998597194388776,0.065,0.100093064465809,0.11726837480377655,0.12382863257674635,0.12054850369026146,263.8500000071035,7.103494681359734e-09
2025-06-17,2025-06-26,24850.0,24853.4,225.6,9,0.0357142857142857,1.0001368209255534,0.065,0.1007276999019577,0.1034287707528913,0.12680850333393112,0.11511863704341121,225.59999999999854,1.4495071809506044e-12
2025-06-18,2025-06-26,24800.0,24812.05,219.2,8,0.0317460317460317,1.000485887096774,0.065,0.1003811326221551,0.10554596694625033,0.12815505810579353,0.11685051252602194,219.20000000000255,2.5579538487363607e-12
2025-06-19,2025-06-26,24800.0,24793.25,193.15,7,0.0277777777777777,0.9997278225806452,0.065,0.0938637581667345,0.10532532312343798,0.1261771644287181,0.11575124377607804,193.15000000096188,9.618759122531628e-10
2025-06-20,2025-07-03,25100.0,25112.4,253.55,13,0.0515873015873015,1.0004940239043825,0.065,0.1018352433200726,0.08880492754222412,0.1241033874737798,0.10645415750800197,253.54999999999927,7.389644451905042e-13
2025-06-23,2025-07-03,24950.0,24971.9,260.45,10,0.0396825396825396,1.0008777555110222,0.065,0.0997610854370895,0.10833289789497562,0.1263352483980247,0.11733407314650016,260.4499999999989,1.0800249583553523e-12
2025-06-24,2025-07-03,25050.0,25044.35,224.2,9,0.0357142857142857,0.9997744510978044,0.065,0.0945433336457692,0.10437739313481635,0.1204063175819061,0.11239185535836123,224.20000000728214,7.282153546839254e-09
2025-06-25,2025-07-03,25250.0,25244.75,184.75,8,0.0317460317460317,0.9997920792079208,0.065,0.0962405721950318,0.08939588533251402,0.11502280665215911,0.10220934599233657,184.75,0.0
2025-06-26,2025-07-03,25550.0,25549.0,157.95,7,0.0277777777777777,0.9999608610567514,0.065,0.1016923809495212,0.0790696544305427,0.11910269930936229,0.0990861768699525,157.95000000000073,7.389644451905042e-13
2025-06-27,2025-07-10,25650.0,25637.8,239.2,13,0.0515873015873015,0.9995243664717348,0.065,0.1018717475302177,0.08631079759159102,0.10228346140462485,0.09429712949810794,239.20000000000073,7.389644451905042e-13
2025-06-30,2025-07-10,25500.0,25517.05,239.15,10,0.0396825396825396,1.0006686274509804,0.065,0.1025203917985707,0.09631440675778397,0.11238580748298324,0.1043501071203836,239.14999999999964,3.694822225952521e-13
2025-07-01,2025-07-10,25550.0,25541.8,205.5,9,0.0357142857142857,0.999679060665362,0.065,0.101946661539562,0.09295511029713587,0.10158023299341885,0.09726767164527736,205.49999999999818,1.8189894035458565e-12
2025-07-02,2025-07-10,25450.0,25453.4,187.75,8,0.0317460317460317,1.0001335952848724,0.065,0.1025135858253618,0.0875652038811251,0.10210933991377452,0.09483727189744981,187.75000000000182,1.8189894035458565e-12
2025-07-03,2025-07-10,25400.0,25405.3,179.6,7,0.0277777777777777,1.000208661417323,0.065,0.0998882567453937,0.09047754289776626,0.09515105157906951,0.09281429723841789,179.60000000000218,2.1884716261411086e-12
2025-07-04,2025-07-17,25450.0,25461.0,234.5,13,0.0515873015873015,1.0004322200392928,0.065,0.0995899407260604,0.07920393907398961,0.10063549508243667,0.08991971707821314,234.5,0.0
2025-07-07,2025-07-17,25450.0,25461.3,217.15,10,0.0396825396825396,1.000444007858546,0.065,0.0979645258580532,0.08714114580473319,0.10389018807788712,0.09551566694131015,217.14999999999964,3.694822225952521e-13
2025-07-08,2025-07-17,25500.0,25522.5,209.0,9,0.0357142857142857,1.0008823529411766,0.065,0.0921208363095498,0.08587844658195638,0.09455595904600515,0.09021720281398077,209.0,0.0
2025-07-09,2025-07-17,25500.0,25476.1,166.65,8,0.0317460317460317,0.9990627450980392,0.065,0.0913298305193428,0.0839232415455103,0.08919465705185613,0.08655894929868321,166.65000000019973,1.9971935216744896e-10
2025-07-10,2025-07-17,25350.0,25355.25,159.65,7,0.0277777777777777,1.000207100591716,0.065,0.0927367142020641,0.0787351744640528,0.08676483042767881,0.0827500024458658,159.65000000000146,1.4495071809506044e-12
2025-07-11,2025-07-24,25150.0,25149.85,224.85,13,0.0515873015873015,0.9999940357852882,0.065,0.096606860755737,0.0789932867200574,0.09092698905864742,0.08496013788935242,224.84999999999854,1.4495071809506044e-12
2025-07-14,2025-07-24,25100.0,25082.3,207.95,10,0.0396825396825396,0.9992948207171316,0.065,0.090786189044653,0.09215270824924104,0.08932978289304272,0.09074124557114188,207.9500000046337,4.633704975276487e-09
2025-07-15,2025-07-24,25200.0,25195.8,180.6,9,0.0357142857142857,0.9998333333333334,0.065,0.0891070386511214,0.08007603728001374,0.08525408279955565,0.08266506003978469,180.59999999999854,1.4495071809506044e-12
2025-07-16,2025-07-24,25200.0,25212.05,158.15,8,0.0317460317460317,1.0004781746031746,0.065,0.0835466267198694,0.06901416794994375,0.08572355743590641,0.07736886269292509,158.14999999999964,3.694822225952521e-13
2025-07-17,2025-07-24,25100.0,25111.45,163.1,7,0.0277777777777777,1.0004561752988048,0.065,0.0836840175477407,0.07963453136477874,0.07937812088518209,0.07950632612498042,163.09999999999854,1.4495071809506044e-12
2025-07-18,2025-07-31,24950.0,24968.4,239.4,13,0.0515873015873015,1.0007374749498998,0.065,0.0857035170995959,0.08148063712317785,0.08819540849503123,0.08483802280910455,239.40000000000146,1.4495071809506044e-12
2025-07-21,2025-07-31,25100.0,25090.7,178.35,10,0.0396825396825396,0.9996294820717132,0.065,0.0872466991333493,0.07482662053931909,0.08927251490034085,0.08204956771982996,178.35000000000036,3.694822225952521e-13
2025-07-22,2025-07-31,25050.0,25060.9,171.05,9,0.0357142857142857,1.000435129740519,0.065,0.0758570078291576,0.07087982648039307,0.08290643134534095,0.07689312891286701,171.0500000000011,1.0800249583553523e-12
2025-07-23,2025-07-31,25200.0,25219.9,160.2,8,0.0317460317460317,1.0007896825396827,0.065,0.0764976461375449,0.06753543752757381,0.07726637568927505,0.07240090660842444,160.1999999999989,1.0800249583553523e-12
2025-07-24,2025-07-31,25050.0,25062.1,148.8,7,0.0277777777777777,1.0004830339321358,0.065,0.0787846543014768,0.07086231510092442,0.07727312566527306,0.07406772038309874,148.8000000000011,1.0800249583553523e-12
2025-07-25,2025-08-07,24850.0,24837.0,204.3,13,0.0515873015873015,0.999476861167002,0.065,0.0800739348994414,0.07425031713100191,0.09199996683532312,0.08312514198316251,204.29999999999927,7.389644451905042e-13
2025-07-28,2025-08-07,24700.0,24680.9,208.05,10,0.0396825396825396,0.9992267206477732,0.065,0.0722717609531247,0.09437194761633783,0.09541171918889682,0.09489183340261732,208.05000000257678,2.576769020379288e-09
2025-07-29,2025-08-07,24800.0,24821.1,200.25,9,0.0357142857142857,1.0008508064516128,0.065,0.0738433077048637,0.08448235967624874,0.09143483141970471,0.08795859554797672,200.24999999999818,1.8189894035458565e-12
2025-07-30,2025-08-07,24850.0,24855.05,174.45,8,0.0317460317460317,1.0002032193158954,0.065,0.0722422471042383,0.0819244292705967,0.08958770719171119,0.08575606823115395,174.4499999999989,1.0800249583553523e-12
2025-07-31,2025-08-07,24750.0,24768.35,182.65,7,0.0277777777777777,1.0007414141414142,0.065,0.0731303192066226,0.09061421903979593,0.09514227428707893,0.09287824666343743,182.65000000000146,1.4495071809506044e-12
2025-08-01,2025-08-14,24550.0,24565.35,234.85,13,0.0515873015873015,1.0006252545824847,0.065,0.0773702389710285,0.0819012983106754,0.10991763424334038,0.09590946627700789,234.84999999999854,1.4495071809506044e-12
2025-08-04,2025-08-14,24700.0,24722.75,217.15,10,0.0396825396825396,1.000921052631579,0.065,0.0800777279225272,0.08692763999791447,0.10535087240808436,0.09613925620299942,217.15000000000327,3.268496584496461e-12
2025-08-05,2025-08-14,24650.0,24649.55,178.35,9,0.0357142857142857,0.9999817444219068,0.065,0.080363031878241,0.07987840683655945,0.09926876292781903,0.08957358488218924,178.35000000000218,2.1884716261411086e-12
2025-08-06,2025-08-14,24550.0,24574.2,181.6,8,0.0317460317460317,1.000985743380855,0.065,0.0810282851666098,0.08087395705518738,0.09842755653256947,0.08965075679387843,181.59999999999854,1.4495071809506044e-12
2025-08-07,2025-08-14,24600.0,24596.15,154.3,7,0.0277777777777777,0.9998434959349594,0.065,0.0806764903851029,0.08142704307143975,0.08270716124295827,0.082067102157199,154.3000000000029,2.8990143619012088e-12
2025-08-08,2025-08-21,24350.0,24363.3,227.8,13,0.0515873015873015,1.0005462012320328,0.065,0.0866438434070277,0.08004173156896574,0.09333389667176012,0.08668781412036293,227.79999999999927,7.389644451905042e-13
2025-08-11,2025-08-21,24600.0,24585.05,169.35,10,0.0396825396825396,0.9993922764227642,0.065,0.0904905352115888,0.07369610802252936,0.09753891170539354,0.08561750986396145,169.35000000000036,3.694822225952521e-13
2025-08-12,2025-08-21,24500.0,24487.4,173.9,9,0.0357142857142857,0.9994857142857144,0.065,0.0872475378874074,0.08173792636309274,0.08679031505842687,0.08426412071075981,173.899999999996,4.007461029686965e-12
2025-08-13,2025-08-21,24600.0,24619.35,191.65,8,0.0317460317460317,1.0007865853658535,0.065,0.0886571135589243,0.0881805538002265,0.0807574701413045,0.0844690119707655,191.65000000000146,1.4495071809506044e-12
2025-08-14,2025-08-21,24650.0,24631.3,146.4,7,0.0277777777777777,0.9992413793103448,0.065,0.0873458015045813,0.08132563509383353,0.0896058350051325,0.08546573504948302,146.400000000227,2.270041932206368e-10
2025-08-18,2025-08-28,24900.0,24876.95,212.85,10,0.0396825396825396,0.9990742971887552,0.065,0.0935550650446625,0.09699729770274909,0.08232537406883145,0.08966133588579027,212.85000000086075,8.607514700997854e-10
2025-08-19,2025-08-28,25000.0,24980.65,169.15,9,0.0357142857142857,0.999226,0.065,0.0936357874982634,0.07919965309542946,0.081399538334256,0.08029959571484274,169.15000000431792,4.317911361795268e-09
2025-08-20,2025-08-28,25050.0,25050.55,161.3,8,0.0317460317460317,1.0000219560878243,0.065,0.0921046142318842,0.07510159227723552,0.08310881212259769,0.0791052021999166,161.3000000000011,1.0800249583553523e-12
2025-08-21,2025-08-28,25100.0,25083.75,133.65,7,0.0277777777777777,0.9993525896414344,0.065,0.0907186678362546,0.07113442285987383,0.07286944372890268,0.07200193329438825,133.65000000200598,2.0059758298884844e-09
2025-08-22,2025-09-02,24850.0,24870.1,212.15,11,0.0436507936507936,1.0008088531187125,0.065,0.095141122610785,0.07873436791498206,0.08029736615217742,0.07951586703357974,212.15000000000146,1.4495071809506044e-12
2025-08-25,2025-09-02,24950.0,24967.75,171.45,8,0.0317460317460317,1.0007114228456917,0.065,0.093645929074151,0.07562518685081829,0.07492250321149296,0.07527384503115563,171.4499999999989,1.0800249583553523e-12
2025-08-26,2025-09-02,24700.0,24712.05,166.1,7,0.0277777777777777,1.000487854251012,0.065,0.0976324008293243,0.0828194804657472,0.07719634699859294,0.08000791373217007,166.10000000000036,3.694822225952521e-13
2025-08-28,2025-09-09,24500.0,24500.9,232.2,12,0.0476190476190476,1.0000367346938777,0.065,0.0971758245627255,0.08990345036656827,0.087675009336247,0.08878922985140764,232.1999999999971,2.8990143619012088e-12
2025-08-29,2025-09-09,24450.0,24426.85,193.85,11,0.0436507936507936,0.9990531697341511,0.065,0.0953560103618782,0.08347561688128036,0.08244872491760767,0.08296217089944402,193.8500000076874,7.687418701607385e-09
2025-09-01,2025-09-09,24650.0,24625.05,151.8,8,0.0317460317460317,0.9989878296146044,0.065,0.0973309635645129,0.07915913269880095,0.07928101665783839,0.07922007467831968,151.80000000016844,1.6842705008457415e-10
2025-09-02,2025-09-09,24600.0,24579.6,141.8,7,0.0277777777777777,0.999170731707317,0.065,0.0974218103350152,0.07925231840443907,0.08356509855330446,0.08140870847887177,141.8000000001448,1.4478018783847801e-10
2025-09-03,2025-09-16,24700.0,24715.05,208.25,13,0.0515873015873015,1.0006093117408907,0.065,0.0984737841181212,0.06912214159111553,0.0839513249878996,0.07653673328950757,208.25,0.0
2025-09-04,2025-09-16,24750.0,24734.3,182.25,12,0.0476190476190476,0.9993656565656566,0.065,0.0944893315617726,0.06970031414425581,0.08192026177862256,0.07581028796143918,182.25,0.0
2025-09-05,2025-09-16,24750.0,24741.0,181.65,11,0.0436507936507936,0.9996363636363635,0.065,0.0919880613954313,0.07239209911854302,0.07650965130412676,0.0744508752113349,181.65000000000146,1.4495071809506044e-12
2025-09-08,2025-09-16,24750.0,24773.15,190.25,8,0.0317460317460317,1.0009353535353536,0.065,0.0915445693886285,0.08546088861282136,0.0751513432463235,0.08030611592957243,190.25,0.0
2025-09-09,2025-09-16,24850.0,24868.6,150.8,7,0.0277777777777777,1.000748490945674,0.065,0.0918827032780703,0.07045239010357451,0.08097786067503239,0.07571512538930344,150.8000000000011,1.0800249583553523e-12
2025-09-10,2025-09-23,24950.0,24973.1,227.3,13,0.0515873015873015,1.0009258517034068,0.065,0.0929231504061388,0.07469222415627512,0.07860493608899696,0.07664858012263603,227.3000000000011,1.0800249583553523e-12
2025-09-11,2025-09-23,25000.0,25005.5,204.1,12,0.0476190476190476,1.00022,0.065,0.0872787496438221,0.07330469880702359,0.07441448804623584,0.0738595934266297,204.09999999999673,3.268496584496461e-12
2025-09-12,2025-09-23,25100.0,25114.0,185.55,11,0.0436507936507936,1.0005577689243028,0.065,0.0830177377538042,0.06645067383048202,0.07307209432950398,0.069761384079993,185.5500000000029,2.8990143619012088e-12
2025-09-15,2025-09-23,25050.0,25069.2,182.45,8,0.0317460317460317,1.0007664670658682,0.065,0.0821403103355991,0.0810786031881701,0.07122030477465771,0.0761494539814139,182.4499999999971,2.8990143619012088e-12
2025-09-16,2025-09-23,25250.0,25239.1,148.95,7,0.0277777777777777,0.9995683168316832,0.065,0.0832994817715953,0.0780541147433929,0.07118394866095865,0.07461903170217576,148.95000000469918,4.699188593804138e-09
2025-09-17,2025-09-30,25350.0,25330.25,208.55,13,0.0515873015873015,0.9992209072978304,0.065,0.0841722446709062,0.07593507465792944,0.07207737436251598,0.0740062245102227,208.5500000000011,1.0800249583553523e-12
2025-09-18,2025-09-30,25400.0,25423.6,213.1,12,0.0476190476190476,1.0009291338582678,0.065,0.0781789101154308,0.0709838279332499,0.06600628142030976,0.06849505467677983,213.10000000000218,2.1884716261411086e-12
2025-09-19,2025-09-30,25350.0,25327.05,176.65,11,0.0436507936507936,0.999094674556213,0.065,0.0779714600773158,0.07157844861370409,0.0644588002216642,0.06801862441768414,176.64999999999964,3.694822225952521e-13
2025-09-22,2025-09-30,25200.0,25202.35,180.0,8,0.0317460317460317,1.000093253968254,0.065,0.0791780812427706,0.08455254577316504,0.0707185793812423,0.07763556257720367,180.00000000000364,3.637978807091713e-12
2025-09-23,2025-09-30,25150.0,25169.5,187.15,7,0.0277777777777777,1.0007753479125248,0.065,0.0791742541262574,0.09125850403144278,0.06572481513935126,0.07849165958539703,187.15000000000146,1.4495071809506044e-12
2025-09-24,2025-10-07,25050.0,25056.9,222.6,13,0.0515873015873015,1.0002754491017964,0.065,0.075237665536449,0.07653770107914284,0.07308703442339373,0.07481236775126829,222.59999999999854,1.4495071809506044e-12
2025-09-25,2025-10-07,24900.0,24890.85,223.75,12,0.0476190476190476,0.999632530120482,0.065,0.0774028565529019,0.08683556671159337,0.06812899814016084,0.0774822824258771,223.75000000000182,1.8189894035458565e-12
2025-09-26,2025-10-07,24650.0,24654.7,210.1,11,0.0436507936507936,1.0001906693711968,0.065,0.0762778965917472,0.08296910006546922,0.08026588658088693,0.08161749332317808,210.10000000000218,2.1884716261411086e-12
2025-09-29,2025-10-07,24650.0,24634.9,191.8,8,0.0317460317460317,0.9993874239350914,0.065,0.0705850067317554,0.09907414388887881,0.07502818217399519,0.087051163031437,191.8000000005286,5.285869519866537e-10
2025-09-30,2025-10-07,24600.0,24611.1,179.6,7,0.0277777777777777,1.000451219512195,0.065,0.0699141926229539,0.09191235010761269,0.07372794483741762,0.08282014747251515,179.600000000004,4.007461029686965e-12
2025-10-01,2025-10-14,24850.0,24836.3,193.1,13,0.0515873015873015,0.9994486921529174,0.065,0.0713463697355841,0.06937229456011061,0.07361208150197168,0.07149218803104115,193.10000000000036,3.694822225952521e-13
2025-10-03,2025-10-14,24900.0,24894.25,165.8,11,0.0436507936507936,0.9997690763052208,0.065,0.0715082076981636,0.06314742806780813,0.07014544098228834,0.06664643452504823,165.79999999999927,7.389644451905042e-13
2025-10-06,2025-10-14,25100.0,25077.65,141.9,8,0.0317460317460317,0.9991095617529882,0.065,0.0733800336217916,0.07109911766785076,0.06875373943081788,0.06992642854933431,141.90000000126565,1.2656471426453209e-09
2025-10-07,2025-10-14,25100.0,25108.3,150.05,7,0.0277777777777777,1.0003306772908367,0.065,0.0734491387331629,0.07278641756020082,0.06288317371134391,0.06783479563577237,150.04999999999563,4.376943252282217e-12
2025-10-08,2025-10-20,25050.0,25046.15,177.4,12,0.0476190476190476,0.9998463073852296,0.065,0.0739208555214466,0.06315284812636311,0.07864420446391673,0.07089852629513993,177.39999999999782,2.1884716261411086e-12
2025-10-09,2025-10-20,25200.0,25181.8,170.0,11,0.0436507936507936,0.9992777777777776,0.065,0.0760208100356078,0.06763846542148857,0.07084366517076243,0.0692410652961255,170.00000000000182,1.8189894035458565e-12
2025-10-10,2025-10-20,25300.0,25285.35,184.0,10,0.0396825396825396,0.9994209486166008,0.065,0.0761752180243281,0.0784335182496881,0.0621374473430111,0.0702854827963496,183.99999999999818,1.8189894035458565e-12
2025-10-13,2025-10-20,25250.0,25227.35,155.2,7,0.0277777777777777,0.9991029702970295,0.065,0.075243998637988,0.08556579676436996,0.08069372075165925,0.0831297587580146,155.2000000000371,3.7118752516107634e-11
2025-10-14,2025-10-28,25150.0,25145.5,231.25,14,0.0555555555555555,0.999821073558648,0.065,0.075916885178408,0.07837205227354296,0.0912745068317637,0.08482327955265334,231.25000000000364,3.637978807091713e-12
2025-10-15,2025-10-28,25300.0,25323.55,245.85,13,0.0515873015873015,1.0009308300395257,0.065,0.0782234945061825,0.08156603675501606,0.07427674592462132,0.07792139133981868,245.85000000000218,2.1884716261411086e-12
2025-10-16,2025-10-28,25600.0,25585.3,199.65,12,0.0476190476190476,0.99942578125,0.065,0.0854028343192141,0.07437536520134388,0.07779313622181373,0.07608425071157882,199.64999999999964,3.694822225952521e-13
2025-10-17,2025-10-28,25700.0,25709.85,205.95,11,0.0436507936507936,1.0003832684824905,0.065,0.0839118143635861,0.07537303651145325,0.0858066246694496,0.08058983059045143,205.9499999999971,2.8990143619012088e-12
2025-10-20,2025-10-28,25850.0,25843.15,181.15,8,0.0317460317460317,0.99973500967118,0.065,0.0848449585843308,0.08545719506083096,0.0719615771316512,0.07870938609624109,181.15000000000146,1.4495071809506044e-12
2025-10-21,2025-10-28,25850.0,25868.6,171.25,7,0.0277777777777777,1.0007195357833656,0.065,0.0839926553358918,0.07925972633968581,0.08058231736615734,0.07992102185292158,171.25000000000182,1.8189894035458565e-12
2025-10-23,2025-11-04,25900.0,25891.4,260.9,12,0.0476190476190476,0.9996679536679536,0.065,0.0830531891934466,0.09923457229943503,0.07806524985230837,0.0886499110758717,260.90000000000146,1.4779288903810084e-12
2025-10-24,2025-11-04,25800.0,25795.15,217.25,11,0.0436507936507936,0.999812015503876,0.065,0.0823265535906202,0.0843360643341516,0.08791367653182336,0.08612487043298747,217.24999999999636,3.637978807091713e-12
2025-10-27,2025-11-04,25950.0,25966.05,246.15,8,0.0317460317460317,1.0006184971098266,0.065,0.0851918763870915,0.11368574692198824,0.08560536213573042,0.09964555452885933,246.14999999999782,2.1884716261411086e-12
2025-10-28,2025-11-04,25950.0,25936.2,185.35,7,0.0277777777777777,0.9994682080924856,0.065,0.0839198199291569,0.09767320147326375,0.09168389681944578,0.09467854914635476,185.3500000003205,3.20511617246666e-10
2025-10-29,2025-11-11,26050.0,26053.9,277.3,13,0.0515873015873015,1.0001497120921303,0.065,0.0822859194371389,0.09711816843087177,0.08349058825017286,0.09030437834052232,277.3000000000011,1.0800249583553523e-12
2025-10-30,2025-11-11,25900.0,25877.85,232.5,12,0.0476190476190476,0.9991447876447876,0.065,0.0790988510439037,0.08987184063627897,0.08378227775184265,0.08682705919406081,232.5,0.0
2025-10-31,2025-11-11,25700.0,25722.1,261.8,11,0.0436507936507936,1.0008599221789882,0.065,0.0816497355579944,0.09857876859046338,0.07493488303342197,0.08675682581194268,261.8000000000029,2.8990143619012088e-12
2025-11-03,2025-11-11,25750.0,25763.35,206.9,8,0.0317460317460317,1.0005184466019417,0.065,0.0817642248667617,0.09385007994199668,0.08954821654428971,0.0916991482431432,206.89999999999782,2.1884716261411086e-12
2025-11-04,2025-11-11,25600.0,25597.65,162.55,7,0.0277777777777777,0.999908203125,0.065,0.0788155614485232,0.08205728197861847,0.08625229077596676,0.08415478637729262,162.5500000000011,1.0800249583553523e-12
2025-11-06,2025-11-18,25500.0,25509.7,237.45,12,0.0476190476190476,1.0003803921568628,0.065,0.079280333122136,0.08567119818299195,0.08519225020292373,0.08543172419295783,237.45000000000073,7.389644451905042e-13
2025-11-07,2025-11-18,25500.0,25492.3,206.75,11,0.0436507936507936,0.9996980392156862,0.065,0.0753229940288576,0.08131581674808452,0.08657723773463176,0.08394652724135815,206.75000000000182,1.8189894035458565e-12
2025-11-10,2025-11-18,25550.0,25574.35,222.85,8,0.0317460317460317,1.0009530332681018,0.065,0.0759917268738812,0.10013265647208089,0.08110516118153421,0.09061890882680755,222.85000000000036,3.694822225952521e-13
2025-11-11,2025-11-18,25700.0,25694.95,186.95,7,0.0277777777777777,0.9998035019455254,0.065,0.0771874866121953,0.09693454957959659,0.08288819754244293,0.08991137356101976,186.95000000332766,3.327670583530562e-09
2025-11-12,2025-11-25,25900.0,25875.8,253.85,13,0.0515873015873015,0.999065637065637,0.065,0.0786587603192804,0.09445692587825853,0.08280063613816094,0.08862878100820973,253.85000000000036,3.694822225952521e-13
2025-11-13,2025-11-25,25900.0,25879.15,238.45,12,0.0476190476190476,0.9991949806949808,0.065,0.077424166338894,0.09221383673426439,0.09232240322287269,0.09226811997856854,238.4499999999989,1.0800249583553523e-12
2025-11-14,2025-11-25,25900.0,25910.05,223.6,11,0.0436507936507936,1.0003880308880309,0.065,0.0771388681859906,0.08292511890839326,0.09518277502196182,0.08905394696517754,223.59999999999673,3.268496584496461e-12
2025-11-17,2025-11-25,26000.0,26013.45,203.15,8,0.0317460317460317,1.0005173076923075,0.065,0.0775314647348409,0.09070205343299102,0.09322170483965306,0.09196187913632203,203.15000000000146,1.4495071809506044e-12
2025-11-18,2025-11-25,25900.0,25910.05,187.9,7,0.0277777777777777,1.0003880308880309,0.065,0.0749836878553804,0.09175188318592074,0.0949046611006026,0.09332827214326167,187.89999999999782,2.1884716261411086e-12
2025-11-19,2025-12-02,26050.0,26052.65,253.75,13,0.0515873015873015,1.000101727447217,0.065,0.0689664162122118,0.08729193668910205,0.09325520224688266,0.09027356946799237,253.74999999999818,1.8189894035458565e-12
2025-11-20,2025-12-02,26200.0,26192.15,242.4,12,0.0476190476190476,0.9997003816793892,0.065,0.06937510603495,0.08948528798919442,0.0848768857188284,0.08718108685401141,242.39999999999964,3.694822225952521e-13
2025-11-21,2025-12-02,26050.0,26068.15,242.45,11,0.0436507936507936,1.000696737044146,0.065,0.0690255166487668,0.08898232929923312,0.09090971710169549,0.0899460232004643,242.45000000000437,4.376943252282217e-12
2025-11-24,2025-12-02,25950.0,25959.5,223.45,8,0.0317460317460317,1.0003660886319845,0.065,0.0703792743849102,0.1032557153358859,0.08688578297966301,0.09507074915777446,223.4499999999971,2.8990143619012088e-12
2025-11-25,2025-12-02,25900.0,25884.8,160.65,7,0.0277777777777777,0.9994131274131274,0.065,0.0709892285760667,0.08391822833309127,0.0841351507636185,0.08402668954835488,160.65000000079635,7.963478765304899e-10
2025-11-26,2025-12-09,26200.0,26205.3,240.1,13,0.0515873015873015,1.000202290076336,0.065,0.0813336662632221,0.0801543495861652,0.08863464509401729,0.08439449734009125,240.10000000000036,3.694822225952521e-13
2025-11-27,2025-12-09,26200.0,26215.55,229.55,12,0.0476190476190476,1.0005935114503817,0.065,0.0782140439279626,0.07775286151280994,0.08061365318373634,0.07918325734827314,229.54999999999927,7.389644451905042e-13
2025-11-28,2025-12-09,26200.0,26202.95,213.45,11,0.0436507936507936,1.000112595419847,0.065,0.0781340395539297,0.07892240187285582,0.07408626147378536,0.07650433167332059,213.45000000000073,7.389644451905042e-13
2025-12-01,2025-12-09,26200.0,26175.75,173.85,8,0.0317460317460317,0.999074427480916,0.065,0.0766971305609623,0.08525109556173453,0.08201917440681815,0.08363513498427634,173.85000000020045,2.0045831661263946e-10
2025-12-02,2025-12-09,26050.0,26032.2,172.65,7,0.0277777777777777,0.99931669865643,0.065,0.0755134811066615,0.09111711320283475,0.07246363879705378,0.08179037599994426,172.65000000017244,1.7243451111426111e-10
2025-12-03,2025-12-16,26000.0,25986.0,222.1,13,0.0515873015873015,0.9994615384615384,0.065,0.0729450663649461,0.0779449707572764,0.07957548868052433,0.07876022971890037,222.09999999999854,1.4495071809506044e-12
2025-12-04,2025-12-16,26050.0,26033.75,207.95,12,0.0476190476190476,0.9993761996161228,0.065,0.0730080587841827,0.07684128118427506,0.07396222690829317,0.07540175404628412,207.95000000000073,7.389644451905042e-13
2025-12-05,2025-12-16,26200.0,26186.45,179.85,11,0.0436507936507936,0.9994828244274808,0.065,0.0724228245781982,0.06767007591854247,0.07031039651811626,0.06899023621832936,179.85000000000036,3.694822225952521e-13
2025-12-08,2025-12-16,25950.0,25960.55,181.05,8,0.0317460317460317,1.0004065510597302,0.065,0.0772605993408609,0.0796582105202341,0.08672409507234088,0.0831911527962875,181.04999999999927,7.389644451905042e-13
2025-12-09,2025-12-16,25850.0,25839.65,151.3,7,0.0277777777777777,0.9995996131528048,0.065,0.0788255099794534,0.07709883974550741,0.07910924374539846,0.07810404174545293,151.3000000066586,6.65858124193619e-09
2025-12-10,2025-12-23,25750.0,25758.0,235.9,13,0.0515873015873015,1.0003106796116503,0.065,0.0788030239470162,0.07940913560708811,0.0842235960060549,0.0818163658065715,235.90000000000146,1.4495071809506044e-12
2025-12-11,2025-12-23,25900.0,25898.55,209.15,12,0.0476190476190476,0.9999440154440156,0.065,0.0793447792095361,0.07414647275820596,0.07529579826661043,0.0747211355124082,209.15000000000146,1.4495071809506044e-12
2025-12-12,2025-12-23,26050.0,26046.95,180.3,11,0.0436507936507936,0.9998829174664108,0.065,0.0781412453150194,0.0655555003636683,0.0722034117454265,0.0688794560545474,180.29999999999927,7.389644451905042e-13
2025-12-15,2025-12-23,26050.0,26027.3,151.75,8,0.0317460317460317,0.9991285988483684,0.065,0.0781817453504162,0.07338680686618988,0.0783541737731467,0.07587049031966829,151.75000000116597,1.165972207672894e-09
2025-12-16,2025-12-23,25850.0,25860.1,159.6,7,0.0277777777777777,1.0003907156673113,0.065,0.0810669015542755,0.07525711742037931,0.0753053022296398,0.07528120982500955,159.60000000000036,3.694822225952521e-13
2025-12-17,2025-12-30,25800.0,25818.55,228.1,13,0.0515873015873015,1.000718992248062,0.065,0.0801234400518451,0.07304282401358728,0.07441802305915794,0.0737304235363726,228.10000000000218,2.1884716261411086e-12
2025-12-18,2025-12-30,25800.0,25815.55,206.3,12,0.0476190476190476,1.0006027131782946,0.065,0.0789824472009115,0.06864639855514233,0.07407285490194915,0.07135962672854573,206.29999999999927,7.389644451905042e-13
2025-12-19,2025-12-30,25950.0,25966.4,187.6,11,0.0436507936507936,1.000631984585742,0.065,0.0792591248675682,0.06387367291127645,0.06873279369363355,0.066303233302455,187.60000000000036,3.694822225952521e-13
2025-12-22,2025-12-30,26150.0,26172.4,156.45,8,0.0317460317460317,1.0008565965583174,0.065,0.0816736741048859,0.06151161611458095,0.07655234911834732,0.06903198261646414,156.4499999999971,2.8990143619012088e-12
2025-12-23,2025-12-30,26200.0,26177.15,113.85,7,0.0277777777777777,0.99912786259542,0.065,0.0800812973244115,0.05815633310577339,0.06768602656754164,0.06292117983665751,113.85000000149921,1.499216750744381e-09
2025-12-24,2026-01-06,26150.0,26142.1,189.55,13,0.0515873015873015,0.999697896749522,0.065,0.0789541697896984,0.06185448140501839,0.0631044170453481,0.06247944922518324,189.54999999999745,2.5579538487363607e-12
2025-12-26,2026-01-06,26050.0,26042.3,164.9,11,0.0436507936507936,0.999704414587332,0.065,0.0794116888912268,0.05958111423709186,0.06278383337653087,0.06118247380681137,164.89999999999964,3.694822225952521e-13
2025-12-29,2026-01-06,25950.0,25942.1,154.35,8,0.0317460317460317,0.9996955684007708,0.065,0.0688612133746132,0.07071692426445471,0.06500761035116344,0.06786226730780907,154.35000000000036,3.694822225952521e-13
2025-12-30,2026-01-06,25950.0,25938.85,138.4,7,0.0277777777777777,0.9995703275529864,0.065,0.0688497983697962,0.06946651390791388,0.05952806602988573,0.0644972899688998,138.39999999999964,3.694822225952521e-13
2025-12-31,2026-01-13,26150.0,26129.6,196.35,13,0.0515873015873015,0.9992198852772466,0.065,0.0731612662621526,0.06789899767315216,0.06568454762321858,0.06679177264818537,196.350000000004,4.007461029686965e-12
2026-01-01,2026-01-13,26150.0,26146.55,173.95,12,0.0476190476190476,0.999868068833652,0.065,0.0731097361071027,0.0579303355742229,0.0640265565641585,0.0609784460691907,173.9499999999971,2.8990143619012088e-12
2026-01-02,2026-01-13,26350.0,26328.55,147.8,11,0.0436507936507936,0.9991859582542694,0.065,0.0744969348812412,0.05442487879824281,0.06860901556997409,0.06151694718410845,147.8000000000029,2.8990143619012088e-12
2026-01-05,2026-01-13,26250.0,26250.3,135.25,8,0.0317460317460317,1.0000114285714286,0.065,0.0749341954874378,0.05677488380777653,0.08006075576317662,0.06841781978547658,135.24999999999818,1.8189894035458565e-12
2026-01-06,2026-01-13,26200.0,26178.7,114.6,7,0.0277777777777777,0.9991870229007632,0.065,0.0752461545409036,0.05810473765559113,0.06810079650056518,0.06310276707807816,114.60000000274158,2.741586513366201e-09
2026-01-07,2026-01-20,26150.0,26140.75,182.5,13,0.0515873015873015,0.9996462715105162,0.065,0.0727620379714471,0.05914538000989255,0.07101214938281453,0.06507876469635354,182.49999999999636,3.637978807091713e-12
2026-01-08,2026-01-20,25900.0,25876.85,193.25,12,0.0476190476190476,0.9991061776061776,0.065,0.0749252187359424,0.07253801581038151,0.0723552587197683,0.07244663726507491,193.25000000000182,1.8189894035458565e-12
2026-01-09,2026-01-20,25700.0,25683.3,195.0,11,0.0436507936507936,0.9993501945525292,0.065,0.0775231705648391,0.07736360255778463,0.07715843608622734,0.07726101932200599,195.00000000000182,1.8189894035458565e-12
2026-01-12,2026-01-20,25800.0,25790.25,186.35,8,0.0317460317460317,0.9996220930232558,0.065,0.078057075616422,0.08938297759075024,0.08838542679466775,0.088884202192709,186.35000000593755,5.937550895396271e-09
2026-01-13,2026-01-20,25750.0,25732.3,141.0,7,0.0277777777777777,0.9993126213592232,0.065,0.0762343002138472,0.07374524544059509,0.08721432156879368,0.08047978350469438,141.00000000106775,1.0677467798814178e-09
2026-01-14,2026-01-27,25650.0,25665.6,227.45,13,0.0515873015873015,1.000608187134503,0.065,0.0742623158489802,0.07409671846057354,0.08544580671627576,0.07977126258842465,227.4499999999989,1.0800249583553523e-12
2026-01-16,2026-01-27,25700.0,25694.35,201.55,11,0.0436507936507936,0.9997801556420232,0.065,0.074315042710438,0.07752324660331991,0.0831626249499601,0.08034293577664,201.54999999999745,2.5579538487363607e-12
2026-01-19,2026-01-27,25600.0,25585.5,155.25,8,0.0317460317460317,0.99943359375,0.065,0.0724803403721002,0.07442668224024039,0.0932157461360368,0.08382121418813859,155.250000009235,9.235009201802313e-09
2026-01-20,2026-01-27,25250.0,25232.5,165.65,7,0.0277777777777777,0.9993069306930692,0.065,0.0862245207317725,0.0901802686960858,0.09819160580709493,0.09418593725159036,165.65000000016698,1.6697754290362354e-10
2026-01-21,2026-02-03,25150.0,25157.5,327.6,13,0.0515873015873015,1.0002982107355864,0.065,0.0868102227172978,0.12277973255504847,0.13097271114653106,0.12687622185078976,327.6000000000022,2.1600499167107046e-12
2026-01-22,2026-02-03,25300.0,25289.9,313.5,12,0.0476190476190476,0.999600790513834,0.065,0.0863873642141663,0.12650275337191016,0.11680454549869451,0.12165364943530234,313.500000004311,4.31100488640368e-09
2026-01-23,2026-02-03,25050.0,25048.65,317.45,11,0.0436507936507936,0.9999461077844312,0.065,0.0883171801760455,0.13491126795869732,0.1324158942246541,0.1336635810916757,317.4500000048429,4.8428887566842604e-09
2026-01-27,2026-02-03,25200.0,25175.4,295.2,7,0.0277777777777777,0.9990238095238096,0.065,0.089952015785972,0.1701252739239567,0.1280889183848627,0.1491070961544097,295.1999999999971,2.8990143619012088e-12
2026-01-28,2026-02-10,25350.0,25342.75,301.7,13,0.0515873015873015,0.9997140039447732,0.065,0.092593743524333,0.11386345129960648,0.12286835936593635,0.11836590533277142,301.7000000000007,7.389644451905042e-13
2026-01-29,2026-02-10,25400.0,25418.9,305.2,12,0.0476190476190476,1.0007440944881891,0.065,0.0922449952987266,0.11479318437508192,0.11740283618332549,0.1160980102792037,305.20000000000255,2.5579538487363607e-12
2026-01-30,2026-02-10,25300.0,25320.65,302.2,11,0.0436507936507936,1.000816205533597,0.065,0.0922534734004637,0.1202716678201789,0.1283658459495073,0.1243187568848431,302.1999999999989,1.0800249583553523e-12
2026-02-02,2026-02-10,25100.0,25088.4,205.1,8,0.0317460317460317,0.9995378486055776,0.065,0.0973813782108832,0.10345065350334826,0.1321246415927555,0.11778764754805188,205.10000000096443,9.644338661018992e-10
2026-02-03,2026-02-10,25750.0,25727.55,194.35,7,0.0277777777777777,0.9991281553398058,0.065,0.1269543287619864,0.10650150091984426,0.11525722579395667,0.11087936335690046,194.35000000000764,7.645439836778678e-12
2026-02-04,2026-02-17,25800.0,25776.0,228.15,13,0.0515873015873015,0.9990697674418604,0.065,0.1270949605594652,0.08375783281267644,0.10579128366622088,0.09477455823944866,228.14999999999964,3.694822225952521e-13
2026-02-05,2026-02-17,25650.0,25642.8,224.5,12,0.0476190476190476,0.999719298245614,0.065,0.1261326156517318,0.08355023683053311,0.09740509162985653,0.09047766423019482,224.5,0.0
2026-02-06,2026-02-17,25700.0,25693.7,181.95,11,0.0436507936507936,0.9997548638132296,0.065,0.1259086783010109,0.06839983836096315,0.09938156297811288,0.08389070066953802,181.9499999999989,1.0800249583553523e-12
2026-02-09,2026-02-17,25850.0,25867.3,181.85,8,0.0317460317460317,1.000669245647969,0.065,0.1276203128563732,0.0783205378470503,0.09778051502421181,0.08805052643563105,181.84999999999854,1.4495071809506044e-12
2026-02-10,2026-02-17,25950.0,25935.15,142.75,7,0.0277777777777777,0.99942774566474,0.065,0.1278336437537757,0.07318536275309356,0.08566439288974984,0.0794248778214217,142.7500000029795,2.979504643008113e-09
2026-02-11,2026-02-24,25950.0,25953.85,211.05,13,0.0515873015873015,1.000148362235067,0.065,0.1231587977914555,0.06886094169748172,0.08813519324929216,0.07849806747338695,211.04999999999563,4.376943252282217e-12
2026-02-12,2026-02-24,25800.0,25807.2,213.05,12,0.0476190476190476,1.000279069767442,0.065,0.1220255450639393,0.07400018063107858,0.0850125248492182,0.07950635274014839,213.04999999999563,4.376943252282217e-12
2026-02-13,2026-02-24,25450.0,25471.1,238.2,11,0.0436507936507936,1.000829076620825,0.065,0.1290769527039199,0.08868370420548237,0.09858118434567831,0.09363244427558035,238.1999999999971,2.8990143619012088e-12
2026-02-16,2026-02-24,25700.0,25682.75,186.8,8,0.0317460317460317,0.999328793774319,0.065,0.1318608143910499,0.09227438397730445,0.10150123399538664,0.09688780898634555,186.80000000069413,6.941149877093267e-10
2026-02-17,2026-02-24,25750.0,25725.4,150.35,7,0.0277777777777777,0.9990446601941748,0.065,0.1316876888419323,0.08138694000547697,0.0981134611462636,0.08975020057587028,150.3500000000313,3.129230208287481e-11
2026-02-18,2026-03-02,25800.0,25819.35,231.05,12,0.0476190476190476,1.00075,0.065,0.1322100788811486,0.07894971079727224,0.09416778439948367,0.08655874759837795,231.0500000000029,2.8990143619012088e-12
2026-02-19,2026-03-02,25450.0,25454.35,233.4,11,0.0436507936507936,1.000170923379175,0.065,0.1399821109466681,0.09099463562341137,0.11183875658758445,0.10141669610549792,233.39999999999782,2.1884716261411086e-12
2026-02-20,2026-03-02,25550.0,25571.25,250.55,10,0.0396825396825396,1.0008317025440314,0.065,0.1327576573917715,0.10059090051818553,0.10722077061245942,0.10390583556532249,250.5500000000011,1.0800249583553523e-12
2026-02-23,2026-03-02,25700.0,25713.0,207.5,7,0.0277777777777777,1.0005058365758754,0.065,0.1336904429672562,0.10319944574420185,0.11763791249721185,0.11041867912070685,207.49999999999636,3.637978807091713e-12
2026-02-24,2026-03-10,25400.0,25424.65,322.75,14,0.0555555555555555,1.000970472440945,0.065,0.1378925170858864,0.10922949570892729,0.11242572801637751,0.1108276118626524,322.7499999999982,1.8189894035458565e-12
2026-02-25,2026-03-10,25500.0,25482.5,259.3,13,0.0515873015873015,0.999313725490196,0.065,0.1342427691655554,0.09702718840429658,0.10659418670793082,0.1018106875561137,259.2999999999993,7.389644451905042e-13
2026-02-26,2026-03-10,25500.0,25496.55,241.15,12,0.0476190476190476,0.9998647058823528,0.065,0.133164498382213,0.0907948342644394,0.10271409708613388,0.09675446567528664,241.14999999999964,3.694822225952521e-13
2026-02-27,2026-03-10,25200.0,25178.65,247.65,11,0.0436507936507936,0.999152777777778,0.065,0.1379607509411567,0.10575998562314486,0.10805806002975085,0.10690902282644785,247.65000000161308,1.6130741187225794e-09
2026-03-02,2026-03-10,24850.0,24865.7,285.9,8,0.0317460317460317,1.0006317907444668,0.065,0.1439509203560257,0.1422157827850348,0.16398020177525913,0.15309799228014698,285.9000000090946,9.094605957216118e-09
2026-03-04,2026-03-17,24500.0,24480.5,427.05,13,0.0515873015873015,0.9992040816326532,0.065,0.1527811984389536,0.17831422746229722,0.19600653790058525,0.18716038268144125,427.0500000000684,6.838263288955204e-11
2026-03-05,2026-03-17,24750.0,24765.9,335.7,12,0.0476190476190476,1.0006424242424243,0.065,0.154623335330272,0.13343535204865853,0.16678554070311086,0.1501104463758847,335.7000000000007,7.389644451905042e-13
2026-03-06,2026-03-17,24450.0,24450.45,386.0,11,0.0436507936507936,1.0000184049079754,0.065,0.1361672157279418,0.17201249053687412,0.1888564875791751,0.18043448905802462,386.00000000064574,6.45741238258779e-10
